DC,LAZY CODE,Date,value
Atlanta,D6AMER,8/31/2021,79
Atlanta,D6CAESR,8/31/2021,137.6
Atlanta,D6LFCSR,8/31/2021,76.8
Atlanta,D62ROM,8/31/2021,93.6
Atlanta,DFAMUCR,8/31/2021,83.6
Atlanta,D6CSPIN,8/31/2021,109.3333333
Atlanta,D12SPIN,8/31/2021,62
Atlanta,D6ARUGL,8/31/2021,33
Atlanta,DMSWGRP,8/31/2021,20
Atlanta,DMMCORN,8/31/2021,23.66666667
Atlanta,DMMAPLC,8/31/2021,20
Atlanta,D610AHW,8/31/2021,68
Atlanta,D10VVEG,8/31/2021,67.66666667
Atlanta,DROMFAM,8/31/2021,45.33333333
Atlanta,D6HRTS,8/31/2021,77.66666667
Atlanta,D6CPBBQ,8/31/2021,46.4
Atlanta,D6CPCHI,8/31/2021,42
Atlanta,DASICHP,8/31/2021,73.2
Atlanta,DSUNKAL,8/31/2021,73.2
Atlanta,D6BUTB,8/31/2021,97.33333333
Atlanta,DAVORCH,8/31/2021,40
Atlanta,DSWTKAL,8/31/2021,28.66666667
Atlanta,DCPPRCH,8/31/2021,45
Atlanta,DCPBUFR,8/31/2021,35
Atlanta,D6CPCSR,8/31/2021,124.4
Atlanta,D6ULCSR,8/31/2021,249.2
Atlanta,D6CPGRK,8/31/2021,53.6
Atlanta,DCPBCSR,8/31/2021,78
Atlanta,D95ROM,8/31/2021,69.66666667
Atlanta,D6ENSMR,8/31/2021,55.66666667
Atlanta,D6SWEST,8/31/2021,49
Atlanta,D1214SW,8/31/2021,100
Atlanta,D14DSLW,8/31/2021,17.33333333
Atlanta,D128SHD,8/31/2021,130
Atlanta,KRSLW16,8/31/2021,250
Atlanta,KRHRT10,8/31/2021,124.6666667
Atlanta,KRAMR12,8/31/2021,122.3333333
Atlanta,KRPRM10,8/31/2021,148
Atlanta,KRGRD12,8/31/2021,127
Atlanta,KRFLDG8,8/31/2021,115
Atlanta,KRGRD24,8/31/2021,86
Atlanta,KRITL10,8/31/2021,84
Atlanta,KRROM10,8/31/2021,90.66666667
Atlanta,KRVEG12,8/31/2021,73.66666667
Atlanta,KRSPN10,8/31/2021,89.33333333
Atlanta,KRSPR10,8/31/2021,78.66666667
Atlanta,KRSHDGL,8/31/2021,156
Atlanta,KR6SM5,8/31/2021,92.33333333
Atlanta,KR65050,8/31/2021,72.66666667
Atlanta,KR6SP6,8/31/2021,161.3333333
Atlanta,KRSHRD8,8/31/2021,333.6
Atlanta,KROSP5,8/31/2021,563.2
Atlanta,KROSP16,8/31/2021,294.8
Atlanta,KROSM5,8/31/2021,296
Atlanta,KROSM16,8/31/2021,189.6
Atlanta,KROROM,8/31/2021,120
Atlanta,KRO5050,8/31/2021,157.6
Atlanta,KROARU,8/31/2021,216
Atlanta,KROKALE,8/31/2021,89.6
Atlanta,KROPWRG,8/31/2021,146.4
Atlanta,KRO5016,8/31/2021,98.8
Atlanta,KRTNSPN,8/31/2021,305.3333333
Atlanta,KRCPKAL,8/31/2021,50
Atlanta,KRARTSN,8/31/2021,50
Atlanta,KRSRM8,8/31/2021,60
Atlanta,D6AMER,9/1/2021,113.6666667
Atlanta,D6CAESR,9/1/2021,194
Atlanta,D6LFCSR,9/1/2021,91.6
Atlanta,D62ROM,9/1/2021,134.4
Atlanta,DFAMUCR,9/1/2021,112
Atlanta,D6CSPIN,9/1/2021,157
Atlanta,D12SPIN,9/1/2021,72.33333333
Atlanta,D6ARUGL,9/1/2021,49.33333333
Atlanta,DMSWGRP,9/1/2021,20
Atlanta,DMMCORN,9/1/2021,28.66666667
Atlanta,DMMAPLC,9/1/2021,20
Atlanta,D610AHW,9/1/2021,77.66666667
Atlanta,D10VVEG,9/1/2021,75.66666667
Atlanta,DROMFAM,9/1/2021,58.33333333
Atlanta,D6HRTS,9/1/2021,100.3333333
Atlanta,D6CPBBQ,9/1/2021,50.8
Atlanta,D6CPCHI,9/1/2021,58
Atlanta,DASICHP,9/1/2021,102.4
Atlanta,DSUNKAL,9/1/2021,89.6
Atlanta,D6BUTB,9/1/2021,125
Atlanta,DAVORCH,9/1/2021,54.66666667
Atlanta,DSWTKAL,9/1/2021,33.33333333
Atlanta,DCPPRCH,9/1/2021,45
Atlanta,DCPBUFR,9/1/2021,35
Atlanta,D6CPCSR,9/1/2021,174.4
Atlanta,D6ULCSR,9/1/2021,330
Atlanta,D6CPGRK,9/1/2021,72.8
Atlanta,DCPBCSR,9/1/2021,104.8
Atlanta,D95ROM,9/1/2021,90
Atlanta,D6ENSMR,9/1/2021,64.66666667
Atlanta,D6SWEST,9/1/2021,62.66666667
Atlanta,D1214SW,9/1/2021,100
Atlanta,D14DSLW,9/1/2021,31.66666667
Atlanta,D128SHD,9/1/2021,140
Atlanta,KRSLW16,9/1/2021,207
Atlanta,KRHRT10,9/1/2021,155
Atlanta,KRAMR12,9/1/2021,159
Atlanta,KRPRM10,9/1/2021,191
Atlanta,KRGRD12,9/1/2021,159.3333333
Atlanta,KRFLDG8,9/1/2021,157.6666667
Atlanta,KRGRD24,9/1/2021,116.6666667
Atlanta,KRITL10,9/1/2021,114.3333333
Atlanta,KRROM10,9/1/2021,123.3333333
Atlanta,KRVEG12,9/1/2021,77.33333333
Atlanta,KRSPN10,9/1/2021,112
Atlanta,KRSPR10,9/1/2021,107
Atlanta,KRSHDGL,9/1/2021,156
Atlanta,KR6SM5,9/1/2021,114.3333333
Atlanta,KR65050,9/1/2021,89.33333333
Atlanta,KR6SP6,9/1/2021,171.6666667
Atlanta,KRSHRD8,9/1/2021,468.8
Atlanta,KROSP5,9/1/2021,707.2
Atlanta,KROSP16,9/1/2021,389.6
Atlanta,KROSM5,9/1/2021,390.8
Atlanta,KROSM16,9/1/2021,244
Atlanta,KROROM,9/1/2021,120
Atlanta,KRO5050,9/1/2021,185.6
Atlanta,KROARU,9/1/2021,282.8
Atlanta,KROKALE,9/1/2021,144.8
Atlanta,KROPWRG,9/1/2021,166.8
Atlanta,KRO5016,9/1/2021,123.6
Atlanta,KRTNSPN,9/1/2021,392
Atlanta,KRCPKAL,9/1/2021,50
Atlanta,KRARTSN,9/1/2021,50
Atlanta,KRSRM8,9/1/2021,60
Atlanta,D6AMER,9/2/2021,130.3333333
Atlanta,D6CAESR,9/2/2021,209.6
Atlanta,D6LFCSR,9/2/2021,72.8
Atlanta,D62ROM,9/2/2021,144
Atlanta,DFAMUCR,9/2/2021,112.8
Atlanta,D6CSPIN,9/2/2021,170.6666667
Atlanta,D12SPIN,9/2/2021,88.33333333
Atlanta,D6ARUGL,9/2/2021,29
Atlanta,DMSWGRP,9/2/2021,20
Atlanta,DMMCORN,9/2/2021,24.66666667
Atlanta,DMMAPLC,9/2/2021,20
Atlanta,D610AHW,9/2/2021,106.3333333
Atlanta,D10VVEG,9/2/2021,86.66666667
Atlanta,DROMFAM,9/2/2021,68.66666667
Atlanta,D6HRTS,9/2/2021,112.3333333
Atlanta,D6CPBBQ,9/2/2021,45.6
Atlanta,D6CPCHI,9/2/2021,65.6
Atlanta,DASICHP,9/2/2021,104.8
Atlanta,DSUNKAL,9/2/2021,109.6
Atlanta,D6BUTB,9/2/2021,141.6666667
Atlanta,DAVORCH,9/2/2021,59
Atlanta,DSWTKAL,9/2/2021,36.33333333
Atlanta,DCPPRCH,9/2/2021,45
Atlanta,DCPBUFR,9/2/2021,35
Atlanta,D6CPCSR,9/2/2021,170.8
Atlanta,D6ULCSR,9/2/2021,354.8
Atlanta,D6CPGRK,9/2/2021,85.6
Atlanta,DCPBCSR,9/2/2021,125.6
Atlanta,D95ROM,9/2/2021,107.6666667
Atlanta,D6ENSMR,9/2/2021,76.66666667
Atlanta,D6SWEST,9/2/2021,55.66666667
Atlanta,D1214SW,9/2/2021,100
Atlanta,D14DSLW,9/2/2021,33
Atlanta,D128SHD,9/2/2021,150
Atlanta,KRSLW16,9/2/2021,796
Atlanta,KRHRT10,9/2/2021,168
Atlanta,KRAMR12,9/2/2021,196.6666667
Atlanta,KRPRM10,9/2/2021,241.6666667
Atlanta,KRGRD12,9/2/2021,190.6666667
Atlanta,KRFLDG8,9/2/2021,175
Atlanta,KRGRD24,9/2/2021,129.6666667
Atlanta,KRITL10,9/2/2021,118
Atlanta,KRROM10,9/2/2021,138.6666667
Atlanta,KRVEG12,9/2/2021,106
Atlanta,KRSPN10,9/2/2021,117.3333333
Atlanta,KRSPR10,9/2/2021,100.6666667
Atlanta,KRSHDGL,9/2/2021,156
Atlanta,KR6SM5,9/2/2021,127
Atlanta,KR65050,9/2/2021,89.66666667
Atlanta,KR6SP6,9/2/2021,192.6666667
Atlanta,KRSHRD8,9/2/2021,524.8
Atlanta,KROSP5,9/2/2021,815.2
Atlanta,KROSP16,9/2/2021,432
Atlanta,KROSM5,9/2/2021,437.2
Atlanta,KROSM16,9/2/2021,273.6
Atlanta,KROROM,9/2/2021,120
Atlanta,KRO5050,9/2/2021,205.2
Atlanta,KROARU,9/2/2021,309.2
Atlanta,KROKALE,9/2/2021,140
Atlanta,KROPWRG,9/2/2021,193.6
Atlanta,KRO5016,9/2/2021,133.2
Atlanta,KRTNSPN,9/2/2021,409.6666667
Atlanta,KRCPKAL,9/2/2021,50
Atlanta,KRARTSN,9/2/2021,50
Atlanta,KRSRM8,9/2/2021,60
Atlanta,D6AMER,9/3/2021,144.6666667
Atlanta,D6CAESR,9/3/2021,224
Atlanta,D6LFCSR,9/3/2021,66.4
Atlanta,D62ROM,9/3/2021,152
Atlanta,DFAMUCR,9/3/2021,124.8
Atlanta,D6CSPIN,9/3/2021,184.3333333
Atlanta,D12SPIN,9/3/2021,105
Atlanta,D6ARUGL,9/3/2021,43.33333333
Atlanta,DMSWGRP,9/3/2021,20
Atlanta,DMMCORN,9/3/2021,27
Atlanta,DMMAPLC,9/3/2021,20
Atlanta,D610AHW,9/3/2021,98.66666667
Atlanta,D10VVEG,9/3/2021,79
Atlanta,DROMFAM,9/3/2021,78
Atlanta,D6HRTS,9/3/2021,122.6666667
Atlanta,D6CPBBQ,9/3/2021,48.4
Atlanta,D6CPCHI,9/3/2021,76.4
Atlanta,DASICHP,9/3/2021,124
Atlanta,DSUNKAL,9/3/2021,112.4
Atlanta,D6BUTB,9/3/2021,167.6666667
Atlanta,DAVORCH,9/3/2021,63
Atlanta,DSWTKAL,9/3/2021,36
Atlanta,DCPPRCH,9/3/2021,45
Atlanta,DCPBUFR,9/3/2021,35
Atlanta,D6CPCSR,9/3/2021,181.2
Atlanta,D6ULCSR,9/3/2021,411.2
Atlanta,D6CPGRK,9/3/2021,92.8
Atlanta,DCPBCSR,9/3/2021,113.6
Atlanta,D95ROM,9/3/2021,106
Atlanta,D6ENSMR,9/3/2021,85.66666667
Atlanta,D6SWEST,9/3/2021,68
Atlanta,D1214SW,9/3/2021,100
Atlanta,D14DSLW,9/3/2021,36
Atlanta,D128SHD,9/3/2021,150
Atlanta,KRSLW16,9/3/2021,186
Atlanta,KRHRT10,9/3/2021,192.3333333
Atlanta,KRAMR12,9/3/2021,193
Atlanta,KRPRM10,9/3/2021,245.6666667
Atlanta,KRGRD12,9/3/2021,198.3333333
Atlanta,KRFLDG8,9/3/2021,170.3333333
Atlanta,KRGRD24,9/3/2021,128.3333333
Atlanta,KRITL10,9/3/2021,108
Atlanta,KRROM10,9/3/2021,165.3333333
Atlanta,KRVEG12,9/3/2021,104
Atlanta,KRSPN10,9/3/2021,136.6666667
Atlanta,KRSPR10,9/3/2021,111
Atlanta,KRSHDGL,9/3/2021,156
Atlanta,KR6SM5,9/3/2021,150
Atlanta,KR65050,9/3/2021,100
Atlanta,KR6SP6,9/3/2021,234.3333333
Atlanta,KRSHRD8,9/3/2021,566
Atlanta,KROSP5,9/3/2021,978.8
Atlanta,KROSP16,9/3/2021,533.6
Atlanta,KROSM5,9/3/2021,488.4
Atlanta,KROSM16,9/3/2021,333.6
Atlanta,KROROM,9/3/2021,120
Atlanta,KRO5050,9/3/2021,234.4
Atlanta,KROARU,9/3/2021,332
Atlanta,KROKALE,9/3/2021,142.8
Atlanta,KROPWRG,9/3/2021,203.2
Atlanta,KRO5016,9/3/2021,165.2
Atlanta,KRTNSPN,9/3/2021,482
Atlanta,KRCPKAL,9/3/2021,50
Atlanta,KRARTSN,9/3/2021,50
Atlanta,KRSRM8,9/3/2021,60
Atlanta,D6AMER,9/4/2021,145.6666667
Atlanta,D6CAESR,9/4/2021,168.4
Atlanta,D6LFCSR,9/4/2021,58.4
Atlanta,D62ROM,9/4/2021,129.6
Atlanta,DFAMUCR,9/4/2021,109.2
Atlanta,D6CSPIN,9/4/2021,169.6666667
Atlanta,D12SPIN,9/4/2021,94.33333333
Atlanta,D6ARUGL,9/4/2021,35
Atlanta,DMSWGRP,9/4/2021,20
Atlanta,DMMCORN,9/4/2021,25
Atlanta,DMMAPLC,9/4/2021,20
Atlanta,D610AHW,9/4/2021,99.33333333
Atlanta,D10VVEG,9/4/2021,61.33333333
Atlanta,DROMFAM,9/4/2021,65
Atlanta,D6HRTS,9/4/2021,106.6666667
Atlanta,D6CPBBQ,9/4/2021,37.6
Atlanta,D6CPCHI,9/4/2021,68
Atlanta,DASICHP,9/4/2021,99.2
Atlanta,DSUNKAL,9/4/2021,107.2
Atlanta,D6BUTB,9/4/2021,145
Atlanta,DAVORCH,9/4/2021,44.33333333
Atlanta,DSWTKAL,9/4/2021,33
Atlanta,DCPPRCH,9/4/2021,45
Atlanta,DCPBUFR,9/4/2021,35
Atlanta,D6CPCSR,9/4/2021,168.4
Atlanta,D6ULCSR,9/4/2021,358.8
Atlanta,D6CPGRK,9/4/2021,69.2
Atlanta,DCPBCSR,9/4/2021,94.4
Atlanta,D95ROM,9/4/2021,101.6666667
Atlanta,D6ENSMR,9/4/2021,78.66666667
Atlanta,D6SWEST,9/4/2021,44.33333333
Atlanta,D1214SW,9/4/2021,100
Atlanta,D14DSLW,9/4/2021,37.66666667
Atlanta,D128SHD,9/4/2021,130.3333333
Atlanta,KRSLW16,9/4/2021,126
Atlanta,KRHRT10,9/4/2021,174
Atlanta,KRAMR12,9/4/2021,179.3333333
Atlanta,KRPRM10,9/4/2021,239
Atlanta,KRGRD12,9/4/2021,177
Atlanta,KRFLDG8,9/4/2021,154.3333333
Atlanta,KRGRD24,9/4/2021,119.3333333
Atlanta,KRITL10,9/4/2021,109.3333333
Atlanta,KRROM10,9/4/2021,135.6666667
Atlanta,KRVEG12,9/4/2021,102
Atlanta,KRSPN10,9/4/2021,124.3333333
Atlanta,KRSPR10,9/4/2021,113.6666667
Atlanta,KRSHDGL,9/4/2021,156
Atlanta,KR6SM5,9/4/2021,136.3333333
Atlanta,KR65050,9/4/2021,100
Atlanta,KR6SP6,9/4/2021,202.6666667
Atlanta,KRSHRD8,9/4/2021,522.4
Atlanta,KROSP5,9/4/2021,894
Atlanta,KROSP16,9/4/2021,481.6
Atlanta,KROSM5,9/4/2021,450.8
Atlanta,KROSM16,9/4/2021,280
Atlanta,KROROM,9/4/2021,120
Atlanta,KRO5050,9/4/2021,222.4
Atlanta,KROARU,9/4/2021,278.8
Atlanta,KROKALE,9/4/2021,122
Atlanta,KROPWRG,9/4/2021,179.2
Atlanta,KRO5016,9/4/2021,152.4
Atlanta,KRTNSPN,9/4/2021,432
Atlanta,KRCPKAL,9/4/2021,50
Atlanta,KRARTSN,9/4/2021,50
Atlanta,KRSRM8,9/4/2021,60
Atlanta,D6AMER,9/5/2021,86.66666667
Atlanta,D6CAESR,9/5/2021,147.708
Atlanta,D6LFCSR,9/5/2021,67.716
Atlanta,D62ROM,9/5/2021,107.712
Atlanta,DFAMUCR,9/5/2021,88.308
Atlanta,D6CSPIN,9/5/2021,119
Atlanta,D12SPIN,9/5/2021,75
Atlanta,D6ARUGL,9/5/2021,34.33333333
Atlanta,DMSWGRP,9/5/2021,20
Atlanta,DMMCORN,9/5/2021,33.66666667
Atlanta,DMMAPLC,9/5/2021,20
Atlanta,D610AHW,9/5/2021,73
Atlanta,D10VVEG,9/5/2021,51.66666667
Atlanta,DROMFAM,9/5/2021,52.33333333
Atlanta,D6HRTS,9/5/2021,83.33333333
Atlanta,D6CPBBQ,9/5/2021,54
Atlanta,D6CPCHI,9/5/2021,55.44
Atlanta,DASICHP,9/5/2021,81.972
Atlanta,DSUNKAL,9/5/2021,76.824
Atlanta,D6BUTB,9/5/2021,127.6666667
Atlanta,DAVORCH,9/5/2021,43.66666667
Atlanta,DSWTKAL,9/5/2021,24.66666667
Atlanta,DCPPRCH,9/5/2021,45
Atlanta,DCPBUFR,9/5/2021,35
Atlanta,D6CPCSR,9/5/2021,140.976
Atlanta,D6ULCSR,9/5/2021,432
Atlanta,D6CPGRK,9/5/2021,81
Atlanta,DCPBCSR,9/5/2021,97.812
Atlanta,D95ROM,9/5/2021,66
Atlanta,D6ENSMR,9/5/2021,63.03
Atlanta,D6SWEST,9/5/2021,49.17
Atlanta,D1214SW,9/5/2021,100
Atlanta,D14DSLW,9/5/2021,29.66666667
Atlanta,D128SHD,9/5/2021,110
Atlanta,KRSLW16,9/5/2021,88
Atlanta,KRHRT10,9/5/2021,126
Atlanta,KRAMR12,9/5/2021,131
Atlanta,KRPRM10,9/5/2021,175.3333333
Atlanta,KRGRD12,9/5/2021,140.3333333
Atlanta,KRFLDG8,9/5/2021,118.3333333
Atlanta,KRGRD24,9/5/2021,86.66666667
Atlanta,KRITL10,9/5/2021,85.66666667
Atlanta,KRROM10,9/5/2021,103.6666667
Atlanta,KRVEG12,9/5/2021,73.33333333
Atlanta,KRSPN10,9/5/2021,93.66666667
Atlanta,KRSPR10,9/5/2021,84
Atlanta,KRSHDGL,9/5/2021,156
Atlanta,KR6SM5,9/5/2021,93
Atlanta,KR65050,9/5/2021,72.33333333
Atlanta,KR6SP6,9/5/2021,170.6666667
Atlanta,KRSHRD8,9/5/2021,401.148
Atlanta,KROSP5,9/5/2021,692.208
Atlanta,KROSP16,9/5/2021,371.844
Atlanta,KROSM5,9/5/2021,345.708
Atlanta,KROSM16,9/5/2021,190.872
Atlanta,KROROM,9/5/2021,120
Atlanta,KRO5050,9/5/2021,176.616
Atlanta,KROARU,9/5/2021,230.076
Atlanta,KROKALE,9/5/2021,98.604
Atlanta,KROPWRG,9/5/2021,135.036
Atlanta,KRO5016,9/5/2021,109.296
Atlanta,KRTNSPN,9/5/2021,340.6666667
Atlanta,KRCPKAL,9/5/2021,50
Atlanta,KRARTSN,9/5/2021,50
Atlanta,KRSRM8,9/5/2021,60
Atlanta,D6AMER,9/6/2021,102
Atlanta,D6CAESR,9/6/2021,191.664
Atlanta,D6LFCSR,9/6/2021,104.148
Atlanta,D62ROM,9/6/2021,137.808
Atlanta,DFAMUCR,9/6/2021,115.236
Atlanta,D6CSPIN,9/6/2021,155
Atlanta,D12SPIN,9/6/2021,96.33333333
Atlanta,D6ARUGL,9/6/2021,45.33333333
Atlanta,DMSWGRP,9/6/2021,20
Atlanta,DMMCORN,9/6/2021,41
Atlanta,DMMAPLC,9/6/2021,20
Atlanta,D610AHW,9/6/2021,90.33333333
Atlanta,D10VVEG,9/6/2021,86
Atlanta,DROMFAM,9/6/2021,72.33333333
Atlanta,D6HRTS,9/6/2021,123
Atlanta,D6CPBBQ,9/6/2021,59.4
Atlanta,D6CPCHI,9/6/2021,66.528
Atlanta,DASICHP,9/6/2021,90.288
Atlanta,DSUNKAL,9/6/2021,88.704
Atlanta,D6BUTB,9/6/2021,152
Atlanta,DAVORCH,9/6/2021,61
Atlanta,DSWTKAL,9/6/2021,37.66666667
Atlanta,DCPPRCH,9/6/2021,45
Atlanta,DCPBUFR,9/6/2021,35
Atlanta,D6CPCSR,9/6/2021,186.516
Atlanta,D6ULCSR,9/6/2021,432
Atlanta,D6CPGRK,9/6/2021,90.684
Atlanta,DCPBCSR,9/6/2021,119.592
Atlanta,D95ROM,9/6/2021,97.33333333
Atlanta,D6ENSMR,9/6/2021,82.17
Atlanta,D6SWEST,9/6/2021,56.43
Atlanta,D1214SW,9/6/2021,79
Atlanta,D14DSLW,9/6/2021,32.33333333
Atlanta,D128SHD,9/6/2021,116.49
Atlanta,KRSLW16,9/6/2021,139
Atlanta,KRHRT10,9/6/2021,173
Atlanta,KRAMR12,9/6/2021,171
Atlanta,KRPRM10,9/6/2021,228.3333333
Atlanta,KRGRD12,9/6/2021,178.3333333
Atlanta,KRFLDG8,9/6/2021,152.3333333
Atlanta,KRGRD24,9/6/2021,120
Atlanta,KRITL10,9/6/2021,102
Atlanta,KRROM10,9/6/2021,130
Atlanta,KRVEG12,9/6/2021,104.6666667
Atlanta,KRSPN10,9/6/2021,133
Atlanta,KRSPR10,9/6/2021,105.6666667
Atlanta,KRSHDGL,9/6/2021,156
Atlanta,KR6SM5,9/6/2021,119.6666667
Atlanta,KR65050,9/6/2021,86
Atlanta,KR6SP6,9/6/2021,186
Atlanta,KRSHRD8,9/6/2021,513.612
Atlanta,KROSP5,9/6/2021,822.888
Atlanta,KROSP16,9/6/2021,426.096
Atlanta,KROSM5,9/6/2021,399.96
Atlanta,KROSM16,9/6/2021,256.608
Atlanta,KROROM,9/6/2021,120
Atlanta,KRO5050,9/6/2021,198
Atlanta,KROARU,9/6/2021,293.04
Atlanta,KROKALE,9/6/2021,126.324
Atlanta,KROPWRG,9/6/2021,196.02
Atlanta,KRO5016,9/6/2021,140.58
Atlanta,KRTNSPN,9/6/2021,398
Atlanta,KRCPKAL,9/6/2021,50
Atlanta,KRARTSN,9/6/2021,50
Atlanta,KRSRM8,9/6/2021,60
Atlanta,D6AMER,9/7/2021,79
Atlanta,D6CAESR,9/7/2021,137.6
Atlanta,D6LFCSR,9/7/2021,76.8
Atlanta,D62ROM,9/7/2021,93.6
Atlanta,DFAMUCR,9/7/2021,83.6
Atlanta,D6CSPIN,9/7/2021,109.3333333
Atlanta,D12SPIN,9/7/2021,62
Atlanta,D6ARUGL,9/7/2021,33
Atlanta,DMSWGRP,9/7/2021,20
Atlanta,DMMCORN,9/7/2021,23.66666667
Atlanta,DMMAPLC,9/7/2021,20
Atlanta,D610AHW,9/7/2021,68
Atlanta,D10VVEG,9/7/2021,67.66666667
Atlanta,DROMFAM,9/7/2021,45.33333333
Atlanta,D6HRTS,9/7/2021,77.66666667
Atlanta,D6CPBBQ,9/7/2021,46.4
Atlanta,D6CPCHI,9/7/2021,42
Atlanta,DASICHP,9/7/2021,73.2
Atlanta,DSUNKAL,9/7/2021,73.2
Atlanta,D6BUTB,9/7/2021,97.33333333
Atlanta,DAVORCH,9/7/2021,40
Atlanta,DSWTKAL,9/7/2021,28.66666667
Atlanta,DCPPRCH,9/7/2021,45
Atlanta,DCPBUFR,9/7/2021,35
Atlanta,D6CPCSR,9/7/2021,124.4
Atlanta,D6ULCSR,9/7/2021,249.2
Atlanta,D6CPGRK,9/7/2021,53.6
Atlanta,DCPBCSR,9/7/2021,78
Atlanta,D95ROM,9/7/2021,69.66666667
Atlanta,D6ENSMR,9/7/2021,55.66666667
Atlanta,D6SWEST,9/7/2021,49
Atlanta,D1214SW,9/7/2021,54
Atlanta,D14DSLW,9/7/2021,17.33333333
Atlanta,D128SHD,9/7/2021,94.66666667
Atlanta,KRSLW16,9/7/2021,139
Atlanta,KRHRT10,9/7/2021,124.6666667
Atlanta,KRAMR12,9/7/2021,122.3333333
Atlanta,KRPRM10,9/7/2021,148
Atlanta,KRGRD12,9/7/2021,127
Atlanta,KRFLDG8,9/7/2021,115
Atlanta,KRGRD24,9/7/2021,86
Atlanta,KRITL10,9/7/2021,84
Atlanta,KRROM10,9/7/2021,90.66666667
Atlanta,KRVEG12,9/7/2021,73.66666667
Atlanta,KRSPN10,9/7/2021,89.33333333
Atlanta,KRSPR10,9/7/2021,78.66666667
Atlanta,KRSHDGL,9/7/2021,156
Atlanta,KR6SM5,9/7/2021,92.33333333
Atlanta,KR65050,9/7/2021,72.66666667
Atlanta,KR6SP6,9/7/2021,161.3333333
Atlanta,KRSHRD8,9/7/2021,333.6
Atlanta,KROSP5,9/7/2021,563.2
Atlanta,KROSP16,9/7/2021,294.8
Atlanta,KROSM5,9/7/2021,296
Atlanta,KROSM16,9/7/2021,189.6
Atlanta,KROROM,9/7/2021,120
Atlanta,KRO5050,9/7/2021,157.6
Atlanta,KROARU,9/7/2021,216
Atlanta,KROKALE,9/7/2021,89.6
Atlanta,KROPWRG,9/7/2021,146.4
Atlanta,KRO5016,9/7/2021,98.8
Atlanta,KRTNSPN,9/7/2021,305.3333333
Atlanta,KRCPKAL,9/7/2021,50
Atlanta,KRARTSN,9/7/2021,50
Atlanta,KRSRM8,9/7/2021,60
Atlanta,D6AMER,9/8/2021,113.6666667
Atlanta,D6CAESR,9/8/2021,194
Atlanta,D6LFCSR,9/8/2021,91.6
Atlanta,D62ROM,9/8/2021,134.4
Atlanta,DFAMUCR,9/8/2021,112
Atlanta,D6CSPIN,9/8/2021,157
Atlanta,D12SPIN,9/8/2021,72.33333333
Atlanta,D6ARUGL,9/8/2021,49.33333333
Atlanta,DMSWGRP,9/8/2021,20
Atlanta,DMMCORN,9/8/2021,28.66666667
Atlanta,DMMAPLC,9/8/2021,20
Atlanta,D610AHW,9/8/2021,77.66666667
Atlanta,D10VVEG,9/8/2021,75.66666667
Atlanta,DROMFAM,9/8/2021,58.33333333
Atlanta,D6HRTS,9/8/2021,100.3333333
Atlanta,D6CPBBQ,9/8/2021,50.8
Atlanta,D6CPCHI,9/8/2021,58
Atlanta,DASICHP,9/8/2021,102.4
Atlanta,DSUNKAL,9/8/2021,89.6
Atlanta,D6BUTB,9/8/2021,125
Atlanta,DAVORCH,9/8/2021,54.66666667
Atlanta,DSWTKAL,9/8/2021,33.33333333
Atlanta,DCPPRCH,9/8/2021,45
Atlanta,DCPBUFR,9/8/2021,35
Atlanta,D6CPCSR,9/8/2021,174.4
Atlanta,D6ULCSR,9/8/2021,330
Atlanta,D6CPGRK,9/8/2021,72.8
Atlanta,DCPBCSR,9/8/2021,104.8
Atlanta,D95ROM,9/8/2021,90
Atlanta,D6ENSMR,9/8/2021,64.66666667
Atlanta,D6SWEST,9/8/2021,62.66666667
Atlanta,D1214SW,9/8/2021,77
Atlanta,D14DSLW,9/8/2021,31.66666667
Atlanta,D128SHD,9/8/2021,125.3333333
Atlanta,KRSLW16,9/8/2021,123
Atlanta,KRHRT10,9/8/2021,155
Atlanta,KRAMR12,9/8/2021,159
Atlanta,KRPRM10,9/8/2021,191
Atlanta,KRGRD12,9/8/2021,159.3333333
Atlanta,KRFLDG8,9/8/2021,157.6666667
Atlanta,KRGRD24,9/8/2021,116.6666667
Atlanta,KRITL10,9/8/2021,114.3333333
Atlanta,KRROM10,9/8/2021,123.3333333
Atlanta,KRVEG12,9/8/2021,77.33333333
Atlanta,KRSPN10,9/8/2021,112
Atlanta,KRSPR10,9/8/2021,107
Atlanta,KRSHDGL,9/8/2021,156
Atlanta,KR6SM5,9/8/2021,114.3333333
Atlanta,KR65050,9/8/2021,89.33333333
Atlanta,KR6SP6,9/8/2021,171.6666667
Atlanta,KRSHRD8,9/8/2021,468.8
Atlanta,KROSP5,9/8/2021,707.2
Atlanta,KROSP16,9/8/2021,389.6
Atlanta,KROSM5,9/8/2021,390.8
Atlanta,KROSM16,9/8/2021,244
Atlanta,KROROM,9/8/2021,120
Atlanta,KRO5050,9/8/2021,185.6
Atlanta,KROARU,9/8/2021,282.8
Atlanta,KROKALE,9/8/2021,144.8
Atlanta,KROPWRG,9/8/2021,166.8
Atlanta,KRO5016,9/8/2021,123.6
Atlanta,KRTNSPN,9/8/2021,392
Atlanta,KRCPKAL,9/8/2021,50
Atlanta,KRARTSN,9/8/2021,50
Atlanta,KRSRM8,9/8/2021,60
Atlanta,D6AMER,9/9/2021,130.3333333
Atlanta,D6CAESR,9/9/2021,209.6
Atlanta,D6LFCSR,9/9/2021,72.8
Atlanta,D62ROM,9/9/2021,144
Atlanta,DFAMUCR,9/9/2021,112.8
Atlanta,D6CSPIN,9/9/2021,170.6666667
Atlanta,D12SPIN,9/9/2021,88.33333333
Atlanta,D6ARUGL,9/9/2021,29
Atlanta,DMSWGRP,9/9/2021,20
Atlanta,DMMCORN,9/9/2021,24.66666667
Atlanta,DMMAPLC,9/9/2021,20
Atlanta,D610AHW,9/9/2021,106.3333333
Atlanta,D10VVEG,9/9/2021,86.66666667
Atlanta,DROMFAM,9/9/2021,68.66666667
Atlanta,D6HRTS,9/9/2021,112.3333333
Atlanta,D6CPBBQ,9/9/2021,45.6
Atlanta,D6CPCHI,9/9/2021,65.6
Atlanta,DASICHP,9/9/2021,104.8
Atlanta,DSUNKAL,9/9/2021,109.6
Atlanta,D6BUTB,9/9/2021,141.6666667
Atlanta,DAVORCH,9/9/2021,59
Atlanta,DSWTKAL,9/9/2021,36.33333333
Atlanta,DCPPRCH,9/9/2021,45
Atlanta,DCPBUFR,9/9/2021,35
Atlanta,D6CPCSR,9/9/2021,170.8
Atlanta,D6ULCSR,9/9/2021,354.8
Atlanta,D6CPGRK,9/9/2021,85.6
Atlanta,DCPBCSR,9/9/2021,125.6
Atlanta,D95ROM,9/9/2021,107.6666667
Atlanta,D6ENSMR,9/9/2021,76.66666667
Atlanta,D6SWEST,9/9/2021,55.66666667
Atlanta,D1214SW,9/9/2021,85.66666667
Atlanta,D14DSLW,9/9/2021,33
Atlanta,D128SHD,9/9/2021,137
Atlanta,KRSLW16,9/9/2021,165
Atlanta,KRHRT10,9/9/2021,168
Atlanta,KRAMR12,9/9/2021,196.6666667
Atlanta,KRPRM10,9/9/2021,241.6666667
Atlanta,KRGRD12,9/9/2021,190.6666667
Atlanta,KRFLDG8,9/9/2021,175
Atlanta,KRGRD24,9/9/2021,129.6666667
Atlanta,KRITL10,9/9/2021,118
Atlanta,KRROM10,9/9/2021,138.6666667
Atlanta,KRVEG12,9/9/2021,106
Atlanta,KRSPN10,9/9/2021,117.3333333
Atlanta,KRSPR10,9/9/2021,100.6666667
Atlanta,KRSHDGL,9/9/2021,156
Atlanta,KR6SM5,9/9/2021,127
Atlanta,KR65050,9/9/2021,89.66666667
Atlanta,KR6SP6,9/9/2021,192.6666667
Atlanta,KRSHRD8,9/9/2021,524.8
Atlanta,KROSP5,9/9/2021,815.2
Atlanta,KROSP16,9/9/2021,432
Atlanta,KROSM5,9/9/2021,437.2
Atlanta,KROSM16,9/9/2021,273.6
Atlanta,KROROM,9/9/2021,120
Atlanta,KRO5050,9/9/2021,205.2
Atlanta,KROARU,9/9/2021,309.2
Atlanta,KROKALE,9/9/2021,140
Atlanta,KROPWRG,9/9/2021,193.6
Atlanta,KRO5016,9/9/2021,133.2
Atlanta,KRTNSPN,9/9/2021,409.6666667
Atlanta,KRCPKAL,9/9/2021,50
Atlanta,KRARTSN,9/9/2021,50
Atlanta,KRSRM8,9/9/2021,60
Atlanta,D6AMER,9/10/2021,144.6666667
Atlanta,D6CAESR,9/10/2021,224
Atlanta,D6LFCSR,9/10/2021,66.4
Atlanta,D62ROM,9/10/2021,152
Atlanta,DFAMUCR,9/10/2021,124.8
Atlanta,D6CSPIN,9/10/2021,184.3333333
Atlanta,D12SPIN,9/10/2021,105
Atlanta,D6ARUGL,9/10/2021,43.33333333
Atlanta,DMSWGRP,9/10/2021,20
Atlanta,DMMCORN,9/10/2021,27
Atlanta,DMMAPLC,9/10/2021,20
Atlanta,D610AHW,9/10/2021,98.66666667
Atlanta,D10VVEG,9/10/2021,79
Atlanta,DROMFAM,9/10/2021,78
Atlanta,D6HRTS,9/10/2021,122.6666667
Atlanta,D6CPBBQ,9/10/2021,48.4
Atlanta,D6CPCHI,9/10/2021,76.4
Atlanta,DASICHP,9/10/2021,124
Atlanta,DSUNKAL,9/10/2021,112.4
Atlanta,D6BUTB,9/10/2021,167.6666667
Atlanta,DAVORCH,9/10/2021,63
Atlanta,DSWTKAL,9/10/2021,36
Atlanta,DCPPRCH,9/10/2021,45
Atlanta,DCPBUFR,9/10/2021,35
Atlanta,D6CPCSR,9/10/2021,181.2
Atlanta,D6ULCSR,9/10/2021,411.2
Atlanta,D6CPGRK,9/10/2021,92.8
Atlanta,DCPBCSR,9/10/2021,113.6
Atlanta,D95ROM,9/10/2021,106
Atlanta,D6ENSMR,9/10/2021,85.66666667
Atlanta,D6SWEST,9/10/2021,68
Atlanta,D1214SW,9/10/2021,85
Atlanta,D14DSLW,9/10/2021,36
Atlanta,D128SHD,9/10/2021,144
Atlanta,KRSLW16,9/10/2021,192
Atlanta,KRHRT10,9/10/2021,192.3333333
Atlanta,KRAMR12,9/10/2021,193
Atlanta,KRPRM10,9/10/2021,245.6666667
Atlanta,KRGRD12,9/10/2021,198.3333333
Atlanta,KRFLDG8,9/10/2021,170.3333333
Atlanta,KRGRD24,9/10/2021,128.3333333
Atlanta,KRITL10,9/10/2021,108
Atlanta,KRROM10,9/10/2021,165.3333333
Atlanta,KRVEG12,9/10/2021,104
Atlanta,KRSPN10,9/10/2021,136.6666667
Atlanta,KRSPR10,9/10/2021,111
Atlanta,KRSHDGL,9/10/2021,156
Atlanta,KR6SM5,9/10/2021,150
Atlanta,KR65050,9/10/2021,100
Atlanta,KR6SP6,9/10/2021,234.3333333
Atlanta,KRSHRD8,9/10/2021,566
Atlanta,KROSP5,9/10/2021,978.8
Atlanta,KROSP16,9/10/2021,533.6
Atlanta,KROSM5,9/10/2021,488.4
Atlanta,KROSM16,9/10/2021,333.6
Atlanta,KROROM,9/10/2021,120
Atlanta,KRO5050,9/10/2021,234.4
Atlanta,KROARU,9/10/2021,332
Atlanta,KROKALE,9/10/2021,142.8
Atlanta,KROPWRG,9/10/2021,203.2
Atlanta,KRO5016,9/10/2021,165.2
Atlanta,KRTNSPN,9/10/2021,482
Atlanta,KRCPKAL,9/10/2021,50
Atlanta,KRARTSN,9/10/2021,50
Atlanta,KRSRM8,9/10/2021,60
Atlanta,D6AMER,9/11/2021,145.6666667
Atlanta,D6CAESR,9/11/2021,168.4
Atlanta,D6LFCSR,9/11/2021,58.4
Atlanta,D62ROM,9/11/2021,129.6
Atlanta,DFAMUCR,9/11/2021,109.2
Atlanta,D6CSPIN,9/11/2021,169.6666667
Atlanta,D12SPIN,9/11/2021,94.33333333
Atlanta,D6ARUGL,9/11/2021,35
Atlanta,DMSWGRP,9/11/2021,20
Atlanta,DMMCORN,9/11/2021,25
Atlanta,DMMAPLC,9/11/2021,20
Atlanta,D610AHW,9/11/2021,99.33333333
Atlanta,D10VVEG,9/11/2021,61.33333333
Atlanta,DROMFAM,9/11/2021,65
Atlanta,D6HRTS,9/11/2021,106.6666667
Atlanta,D6CPBBQ,9/11/2021,37.6
Atlanta,D6CPCHI,9/11/2021,68
Atlanta,DASICHP,9/11/2021,99.2
Atlanta,DSUNKAL,9/11/2021,107.2
Atlanta,D6BUTB,9/11/2021,145
Atlanta,DAVORCH,9/11/2021,44.33333333
Atlanta,DSWTKAL,9/11/2021,33
Atlanta,DCPPRCH,9/11/2021,45
Atlanta,DCPBUFR,9/11/2021,35
Atlanta,D6CPCSR,9/11/2021,168.4
Atlanta,D6ULCSR,9/11/2021,358.8
Atlanta,D6CPGRK,9/11/2021,69.2
Atlanta,DCPBCSR,9/11/2021,94.4
Atlanta,D95ROM,9/11/2021,101.6666667
Atlanta,D6ENSMR,9/11/2021,78.66666667
Atlanta,D6SWEST,9/11/2021,44.33333333
Atlanta,D1214SW,9/11/2021,83.33333333
Atlanta,D14DSLW,9/11/2021,37.66666667
Atlanta,D128SHD,9/11/2021,130.3333333
Atlanta,KRSLW16,9/11/2021,192
Atlanta,KRHRT10,9/11/2021,174
Atlanta,KRAMR12,9/11/2021,179.3333333
Atlanta,KRPRM10,9/11/2021,239
Atlanta,KRGRD12,9/11/2021,177
Atlanta,KRFLDG8,9/11/2021,154.3333333
Atlanta,KRGRD24,9/11/2021,119.3333333
Atlanta,KRITL10,9/11/2021,109.3333333
Atlanta,KRROM10,9/11/2021,135.6666667
Atlanta,KRVEG12,9/11/2021,102
Atlanta,KRSPN10,9/11/2021,124.3333333
Atlanta,KRSPR10,9/11/2021,113.6666667
Atlanta,KRSHDGL,9/11/2021,156
Atlanta,KR6SM5,9/11/2021,136.3333333
Atlanta,KR65050,9/11/2021,100
Atlanta,KR6SP6,9/11/2021,202.6666667
Atlanta,KRSHRD8,9/11/2021,522.4
Atlanta,KROSP5,9/11/2021,894
Atlanta,KROSP16,9/11/2021,481.6
Atlanta,KROSM5,9/11/2021,450.8
Atlanta,KROSM16,9/11/2021,280
Atlanta,KROROM,9/11/2021,120
Atlanta,KRO5050,9/11/2021,222.4
Atlanta,KROARU,9/11/2021,278.8
Atlanta,KROKALE,9/11/2021,122
Atlanta,KROPWRG,9/11/2021,179.2
Atlanta,KRO5016,9/11/2021,152.4
Atlanta,KRTNSPN,9/11/2021,432
Atlanta,KRCPKAL,9/11/2021,50
Atlanta,KRARTSN,9/11/2021,50
Atlanta,KRSRM8,9/11/2021,60
Delaware,D6AMER,8/31/2021,80
Delaware,D6CAESR,8/31/2021,70
Delaware,D6LFCSR,8/31/2021,29
Delaware,D62ROM,8/31/2021,95
Delaware,DFAMUCR,8/31/2021,41
Delaware,D6CSPIN,8/31/2021,41
Delaware,D12SPIN,8/31/2021,27
Delaware,DMSWGRP,8/31/2021,44
Delaware,DMMCORN,8/31/2021,50
Delaware,DMMAPLC,8/31/2021,24
Delaware,D610AHW,8/31/2021,32
Delaware,D10VVEG,8/31/2021,29
Delaware,DROMFAM,8/31/2021,32
Delaware,D6HRTS,8/31/2021,42
Delaware,D6CPBBQ,8/31/2021,59
Delaware,D6CPCHI,8/31/2021,41
Delaware,DASICHP,8/31/2021,63
Delaware,DSUNKAL,8/31/2021,86
Delaware,D6BUTB,8/31/2021,84
Delaware,DAVORCH,8/31/2021,33
Delaware,DSWTKAL,8/31/2021,22
Delaware,DCPPRCH,8/31/2021,40
Delaware,DCPBUFR,8/31/2021,31
Delaware,D6CPCSR,8/31/2021,99
Delaware,D6ULCSR,8/31/2021,145
Delaware,D6CPGRK,8/31/2021,31
Delaware,DCPBCSR,8/31/2021,66
Delaware,D95ROM,8/31/2021,36
Delaware,D6ENSMR,8/31/2021,55
Delaware,D6SWEST,8/31/2021,43
Delaware,D1214SW,8/31/2021,32
Delaware,D128SHD,8/31/2021,65
Delaware,KRSLW16,8/31/2021,92
Delaware,KRHRT10,8/31/2021,133
Delaware,KRAMR12,8/31/2021,144
Delaware,KRPRM10,8/31/2021,152
Delaware,KRGRD12,8/31/2021,129
Delaware,KRFLDG8,8/31/2021,65
Delaware,KRGRD24,8/31/2021,100
Delaware,KRITL10,8/31/2021,65
Delaware,KRROM10,8/31/2021,91
Delaware,KRVEG12,8/31/2021,64
Delaware,KRSPN10,8/31/2021,50
Delaware,KRSPR10,8/31/2021,59
Delaware,KRSHDGL,8/31/2021,90
Delaware,KR6SM5,8/31/2021,70
Delaware,KR65050,8/31/2021,48
Delaware,KR6SP6,8/31/2021,140
Delaware,KRSHRD8,8/31/2021,367
Delaware,KROSP5,8/31/2021,306
Delaware,KROSP16,8/31/2021,130
Delaware,KROSM5,8/31/2021,224
Delaware,KROSM16,8/31/2021,142
Delaware,KROROM,8/31/2021,40
Delaware,KRO5050,8/31/2021,85
Delaware,KROARU,8/31/2021,111
Delaware,KROKALE,8/31/2021,46
Delaware,KROPWRG,8/31/2021,63
Delaware,KRO5016,8/31/2021,57
Delaware,KRTNSPN,8/31/2021,121
Delaware,KRCPKAL,8/31/2021,22
Delaware,KRARTSN,8/31/2021,23
Delaware,KRSRM8,8/31/2021,32
Delaware,D6AMER,9/1/2021,70
Delaware,D6CAESR,9/1/2021,68
Delaware,D6LFCSR,9/1/2021,25
Delaware,D62ROM,9/1/2021,85
Delaware,DFAMUCR,9/1/2021,40
Delaware,D6CSPIN,9/1/2021,34
Delaware,D12SPIN,9/1/2021,25
Delaware,DMSWGRP,9/1/2021,46
Delaware,DMMCORN,9/1/2021,50
Delaware,DMMAPLC,9/1/2021,39
Delaware,D610AHW,9/1/2021,38
Delaware,D10VVEG,9/1/2021,32
Delaware,DROMFAM,9/1/2021,35
Delaware,D6HRTS,9/1/2021,42
Delaware,D6CPBBQ,9/1/2021,58
Delaware,D6CPCHI,9/1/2021,42
Delaware,DASICHP,9/1/2021,56
Delaware,DSUNKAL,9/1/2021,90
Delaware,D6BUTB,9/1/2021,77
Delaware,DAVORCH,9/1/2021,27
Delaware,DSWTKAL,9/1/2021,19
Delaware,DCPPRCH,9/1/2021,36
Delaware,DCPBUFR,9/1/2021,34
Delaware,D6CPCSR,9/1/2021,95
Delaware,D6ULCSR,9/1/2021,133
Delaware,D6CPGRK,9/1/2021,34
Delaware,DCPBCSR,9/1/2021,57
Delaware,D95ROM,9/1/2021,43
Delaware,D6ENSMR,9/1/2021,59
Delaware,D6SWEST,9/1/2021,42
Delaware,D1214SW,9/1/2021,36
Delaware,D128SHD,9/1/2021,67
Delaware,KRSLW16,9/1/2021,100
Delaware,KRHRT10,9/1/2021,103
Delaware,KRAMR12,9/1/2021,120
Delaware,KRPRM10,9/1/2021,140
Delaware,KRGRD12,9/1/2021,139
Delaware,KRFLDG8,9/1/2021,59
Delaware,KRGRD24,9/1/2021,102
Delaware,KRITL10,9/1/2021,60
Delaware,KRROM10,9/1/2021,79
Delaware,KRVEG12,9/1/2021,63
Delaware,KRSPN10,9/1/2021,42
Delaware,KRSPR10,9/1/2021,51
Delaware,KRSHDGL,9/1/2021,85
Delaware,KR6SM5,9/1/2021,51
Delaware,KR65050,9/1/2021,39
Delaware,KR6SP6,9/1/2021,119
Delaware,KRSHRD8,9/1/2021,382
Delaware,KROSP5,9/1/2021,268
Delaware,KROSP16,9/1/2021,114
Delaware,KROSM5,9/1/2021,216
Delaware,KROSM16,9/1/2021,136
Delaware,KROROM,9/1/2021,46
Delaware,KRO5050,9/1/2021,81
Delaware,KROARU,9/1/2021,105
Delaware,KROKALE,9/1/2021,44
Delaware,KROPWRG,9/1/2021,62
Delaware,KRO5016,9/1/2021,57
Delaware,KRTNSPN,9/1/2021,118
Delaware,KRCPKAL,9/1/2021,23
Delaware,KRARTSN,9/1/2021,25
Delaware,KRSRM8,9/1/2021,42
Delaware,D6AMER,9/2/2021,60
Delaware,D6CAESR,9/2/2021,62
Delaware,D6LFCSR,9/2/2021,23
Delaware,D62ROM,9/2/2021,96
Delaware,DFAMUCR,9/2/2021,36
Delaware,D6CSPIN,9/2/2021,36
Delaware,D12SPIN,9/2/2021,21
Delaware,DMSWGRP,9/2/2021,44
Delaware,DMMCORN,9/2/2021,50
Delaware,DMMAPLC,9/2/2021,38
Delaware,D610AHW,9/2/2021,37
Delaware,D10VVEG,9/2/2021,31
Delaware,DROMFAM,9/2/2021,28
Delaware,D6HRTS,9/2/2021,42
Delaware,D6CPBBQ,9/2/2021,53
Delaware,D6CPCHI,9/2/2021,41
Delaware,DASICHP,9/2/2021,61
Delaware,DSUNKAL,9/2/2021,103
Delaware,D6BUTB,9/2/2021,82
Delaware,DAVORCH,9/2/2021,25
Delaware,DSWTKAL,9/2/2021,28
Delaware,DCPPRCH,9/2/2021,35
Delaware,DCPBUFR,9/2/2021,27
Delaware,D6CPCSR,9/2/2021,84
Delaware,D6ULCSR,9/2/2021,153
Delaware,D6CPGRK,9/2/2021,32
Delaware,DCPBCSR,9/2/2021,59
Delaware,D95ROM,9/2/2021,48
Delaware,D6ENSMR,9/2/2021,55
Delaware,D6SWEST,9/2/2021,41
Delaware,D1214SW,9/2/2021,36
Delaware,D128SHD,9/2/2021,59
Delaware,KRSLW16,9/2/2021,120
Delaware,KRHRT10,9/2/2021,108
Delaware,KRAMR12,9/2/2021,102
Delaware,KRPRM10,9/2/2021,137
Delaware,KRGRD12,9/2/2021,135
Delaware,KRFLDG8,9/2/2021,59
Delaware,KRGRD24,9/2/2021,103
Delaware,KRITL10,9/2/2021,51
Delaware,KRROM10,9/2/2021,76
Delaware,KRVEG12,9/2/2021,57
Delaware,KRSPN10,9/2/2021,47
Delaware,KRSPR10,9/2/2021,54
Delaware,KRSHDGL,9/2/2021,80
Delaware,KR6SM5,9/2/2021,56
Delaware,KR65050,9/2/2021,40
Delaware,KR6SP6,9/2/2021,114
Delaware,KRSHRD8,9/2/2021,380
Delaware,KROSP5,9/2/2021,294
Delaware,KROSP16,9/2/2021,121
Delaware,KROSM5,9/2/2021,227
Delaware,KROSM16,9/2/2021,143
Delaware,KROROM,9/2/2021,38
Delaware,KRO5050,9/2/2021,86
Delaware,KROARU,9/2/2021,108
Delaware,KROKALE,9/2/2021,41
Delaware,KROPWRG,9/2/2021,56
Delaware,KRO5016,9/2/2021,57
Delaware,KRTNSPN,9/2/2021,118
Delaware,KRCPKAL,9/2/2021,28
Delaware,KRARTSN,9/2/2021,23
Delaware,KRSRM8,9/2/2021,35
Delaware,D6AMER,9/3/2021,65
Delaware,D6CAESR,9/3/2021,79
Delaware,D6LFCSR,9/3/2021,35
Delaware,D62ROM,9/3/2021,124
Delaware,DFAMUCR,9/3/2021,48
Delaware,D6CSPIN,9/3/2021,44
Delaware,D12SPIN,9/3/2021,28
Delaware,DMSWGRP,9/3/2021,65
Delaware,DMMCORN,9/3/2021,50
Delaware,DMMAPLC,9/3/2021,35
Delaware,D610AHW,9/3/2021,51
Delaware,D10VVEG,9/3/2021,42
Delaware,DROMFAM,9/3/2021,41
Delaware,D6HRTS,9/3/2021,49
Delaware,D6CPBBQ,9/3/2021,80
Delaware,D6CPCHI,9/3/2021,58
Delaware,DASICHP,9/3/2021,73
Delaware,DSUNKAL,9/3/2021,147
Delaware,D6BUTB,9/3/2021,93
Delaware,DAVORCH,9/3/2021,34
Delaware,DSWTKAL,9/3/2021,40
Delaware,DCPPRCH,9/3/2021,35
Delaware,DCPBUFR,9/3/2021,40
Delaware,D6CPCSR,9/3/2021,111
Delaware,D6ULCSR,9/3/2021,200
Delaware,D6CPGRK,9/3/2021,44
Delaware,DCPBCSR,9/3/2021,73
Delaware,D95ROM,9/3/2021,49
Delaware,D6ENSMR,9/3/2021,75
Delaware,D6SWEST,9/3/2021,51
Delaware,D1214SW,9/3/2021,43
Delaware,D128SHD,9/3/2021,79
Delaware,KRSLW16,9/3/2021,137
Delaware,KRHRT10,9/3/2021,133
Delaware,KRAMR12,9/3/2021,140
Delaware,KRPRM10,9/3/2021,168
Delaware,KRGRD12,9/3/2021,163
Delaware,KRFLDG8,9/3/2021,70
Delaware,KRGRD24,9/3/2021,132
Delaware,KRITL10,9/3/2021,67
Delaware,KRROM10,9/3/2021,96
Delaware,KRVEG12,9/3/2021,70
Delaware,KRSPN10,9/3/2021,56
Delaware,KRSPR10,9/3/2021,63
Delaware,KRSHDGL,9/3/2021,94
Delaware,KR6SM5,9/3/2021,67
Delaware,KR65050,9/3/2021,48
Delaware,KR6SP6,9/3/2021,143
Delaware,KRSHRD8,9/3/2021,472
Delaware,KROSP5,9/3/2021,360
Delaware,KROSP16,9/3/2021,158
Delaware,KROSM5,9/3/2021,277
Delaware,KROSM16,9/3/2021,177
Delaware,KROROM,9/3/2021,40
Delaware,KRO5050,9/3/2021,106
Delaware,KROARU,9/3/2021,130
Delaware,KROKALE,9/3/2021,46
Delaware,KROPWRG,9/3/2021,80
Delaware,KRO5016,9/3/2021,69
Delaware,KRTNSPN,9/3/2021,152
Delaware,KRCPKAL,9/3/2021,22
Delaware,KRARTSN,9/3/2021,28
Delaware,KRSRM8,9/3/2021,38
Delaware,D6AMER,9/4/2021,63
Delaware,D6CAESR,9/4/2021,97
Delaware,D6LFCSR,9/4/2021,33
Delaware,D62ROM,9/4/2021,128
Delaware,DFAMUCR,9/4/2021,51
Delaware,D6CSPIN,9/4/2021,51
Delaware,D12SPIN,9/4/2021,29
Delaware,DMSWGRP,9/4/2021,45
Delaware,DMMCORN,9/4/2021,30
Delaware,DMMAPLC,9/4/2021,36
Delaware,D610AHW,9/4/2021,61
Delaware,D10VVEG,9/4/2021,40
Delaware,DROMFAM,9/4/2021,44
Delaware,D6HRTS,9/4/2021,61
Delaware,D6CPBBQ,9/4/2021,66
Delaware,D6CPCHI,9/4/2021,62
Delaware,DASICHP,9/4/2021,90
Delaware,DSUNKAL,9/4/2021,150
Delaware,D6BUTB,9/4/2021,111
Delaware,DAVORCH,9/4/2021,36
Delaware,DSWTKAL,9/4/2021,27
Delaware,DCPPRCH,9/4/2021,37
Delaware,DCPBUFR,9/4/2021,44
Delaware,D6CPCSR,9/4/2021,128
Delaware,D6ULCSR,9/4/2021,255
Delaware,D6CPGRK,9/4/2021,45
Delaware,DCPBCSR,9/4/2021,75
Delaware,D95ROM,9/4/2021,50
Delaware,D6ENSMR,9/4/2021,80
Delaware,D6SWEST,9/4/2021,53
Delaware,D1214SW,9/4/2021,46
Delaware,D128SHD,9/4/2021,94
Delaware,KRSLW16,9/4/2021,159
Delaware,KRHRT10,9/4/2021,174
Delaware,KRAMR12,9/4/2021,149
Delaware,KRPRM10,9/4/2021,199
Delaware,KRGRD12,9/4/2021,196
Delaware,KRFLDG8,9/4/2021,81
Delaware,KRGRD24,9/4/2021,155
Delaware,KRITL10,9/4/2021,67
Delaware,KRROM10,9/4/2021,124
Delaware,KRVEG12,9/4/2021,83
Delaware,KRSPN10,9/4/2021,71
Delaware,KRSPR10,9/4/2021,71
Delaware,KRSHDGL,9/4/2021,112
Delaware,KR6SM5,9/4/2021,80
Delaware,KR65050,9/4/2021,63
Delaware,KR6SP6,9/4/2021,171
Delaware,KRSHRD8,9/4/2021,554
Delaware,KROSP5,9/4/2021,486
Delaware,KROSP16,9/4/2021,188
Delaware,KROSM5,9/4/2021,377
Delaware,KROSM16,9/4/2021,207
Delaware,KROROM,9/4/2021,39
Delaware,KRO5050,9/4/2021,141
Delaware,KROARU,9/4/2021,167
Delaware,KROKALE,9/4/2021,59
Delaware,KROPWRG,9/4/2021,96
Delaware,KRO5016,9/4/2021,88
Delaware,KRTNSPN,9/4/2021,186
Delaware,KRCPKAL,9/4/2021,28
Delaware,KRARTSN,9/4/2021,28
Delaware,KRSRM8,9/4/2021,36
Delaware,D6AMER,9/5/2021,49
Delaware,D6CAESR,9/5/2021,85
Delaware,D6LFCSR,9/5/2021,30
Delaware,D62ROM,9/5/2021,98
Delaware,DFAMUCR,9/5/2021,40
Delaware,D6CSPIN,9/5/2021,38
Delaware,D12SPIN,9/5/2021,28
Delaware,DMSWGRP,9/5/2021,49
Delaware,DMMCORN,9/5/2021,28
Delaware,DMMAPLC,9/5/2021,31
Delaware,D610AHW,9/5/2021,44
Delaware,D10VVEG,9/5/2021,28
Delaware,DROMFAM,9/5/2021,34
Delaware,D6HRTS,9/5/2021,31
Delaware,D6CPBBQ,9/5/2021,62
Delaware,D6CPCHI,9/5/2021,64
Delaware,DASICHP,9/5/2021,85
Delaware,DSUNKAL,9/5/2021,127
Delaware,D6BUTB,9/5/2021,84
Delaware,DAVORCH,9/5/2021,39
Delaware,DSWTKAL,9/5/2021,28
Delaware,DCPPRCH,9/5/2021,40
Delaware,DCPBUFR,9/5/2021,36
Delaware,D6CPCSR,9/5/2021,121
Delaware,D6ULCSR,9/5/2021,227
Delaware,D6CPGRK,9/5/2021,37
Delaware,DCPBCSR,9/5/2021,67
Delaware,D95ROM,9/5/2021,40
Delaware,D6ENSMR,9/5/2021,75
Delaware,D6SWEST,9/5/2021,42
Delaware,D1214SW,9/5/2021,28
Delaware,D128SHD,9/5/2021,68
Delaware,KRSLW16,9/5/2021,98
Delaware,KRHRT10,9/5/2021,127
Delaware,KRAMR12,9/5/2021,116
Delaware,KRPRM10,9/5/2021,164
Delaware,KRGRD12,9/5/2021,130
Delaware,KRFLDG8,9/5/2021,59
Delaware,KRGRD24,9/5/2021,105
Delaware,KRITL10,9/5/2021,58
Delaware,KRROM10,9/5/2021,107
Delaware,KRVEG12,9/5/2021,59
Delaware,KRSPN10,9/5/2021,50
Delaware,KRSPR10,9/5/2021,61
Delaware,KRSHDGL,9/5/2021,86
Delaware,KR6SM5,9/5/2021,67
Delaware,KR65050,9/5/2021,46
Delaware,KR6SP6,9/5/2021,136
Delaware,KRSHRD8,9/5/2021,403
Delaware,KROSP5,9/5/2021,381
Delaware,KROSP16,9/5/2021,148
Delaware,KROSM5,9/5/2021,288
Delaware,KROSM16,9/5/2021,160
Delaware,KROROM,9/5/2021,33
Delaware,KRO5050,9/5/2021,114
Delaware,KROARU,9/5/2021,133
Delaware,KROKALE,9/5/2021,44
Delaware,KROPWRG,9/5/2021,82
Delaware,KRO5016,9/5/2021,69
Delaware,KRTNSPN,9/5/2021,157
Delaware,KRCPKAL,9/5/2021,21
Delaware,KRARTSN,9/5/2021,25
Delaware,KRSRM8,9/5/2021,35
Delaware,D6AMER,9/6/2021,59
Delaware,D6CAESR,9/6/2021,89
Delaware,D6LFCSR,9/6/2021,33
Delaware,D62ROM,9/6/2021,111
Delaware,DFAMUCR,9/6/2021,47
Delaware,D6CSPIN,9/6/2021,46
Delaware,D12SPIN,9/6/2021,37
Delaware,DMSWGRP,9/6/2021,61
Delaware,DMMCORN,9/6/2021,25
Delaware,DMMAPLC,9/6/2021,43
Delaware,D610AHW,9/6/2021,34
Delaware,D10VVEG,9/6/2021,39
Delaware,DROMFAM,9/6/2021,46
Delaware,D6HRTS,9/6/2021,42
Delaware,D6CPBBQ,9/6/2021,79
Delaware,D6CPCHI,9/6/2021,70
Delaware,DASICHP,9/6/2021,90
Delaware,DSUNKAL,9/6/2021,121
Delaware,D6BUTB,9/6/2021,105
Delaware,DAVORCH,9/6/2021,40
Delaware,DSWTKAL,9/6/2021,33
Delaware,DCPPRCH,9/6/2021,45
Delaware,DCPBUFR,9/6/2021,44
Delaware,D6CPCSR,9/6/2021,138
Delaware,D6ULCSR,9/6/2021,231
Delaware,D6CPGRK,9/6/2021,44
Delaware,DCPBCSR,9/6/2021,84
Delaware,D95ROM,9/6/2021,47
Delaware,D6ENSMR,9/6/2021,86
Delaware,D6SWEST,9/6/2021,57
Delaware,D1214SW,9/6/2021,28
Delaware,D128SHD,9/6/2021,73
Delaware,KRSLW16,9/6/2021,97
Delaware,KRHRT10,9/6/2021,115
Delaware,KRAMR12,9/6/2021,136
Delaware,KRPRM10,9/6/2021,165
Delaware,KRGRD12,9/6/2021,147
Delaware,KRFLDG8,9/6/2021,76
Delaware,KRGRD24,9/6/2021,100
Delaware,KRITL10,9/6/2021,56
Delaware,KRROM10,9/6/2021,95
Delaware,KRVEG12,9/6/2021,65
Delaware,KRSPN10,9/6/2021,55
Delaware,KRSPR10,9/6/2021,64
Delaware,KRSHDGL,9/6/2021,84
Delaware,KR6SM5,9/6/2021,66
Delaware,KR65050,9/6/2021,48
Delaware,KR6SP6,9/6/2021,131
Delaware,KRSHRD8,9/6/2021,447
Delaware,KROSP5,9/6/2021,376
Delaware,KROSP16,9/6/2021,146
Delaware,KROSM5,9/6/2021,254
Delaware,KROSM16,9/6/2021,154
Delaware,KROROM,9/6/2021,38
Delaware,KRO5050,9/6/2021,101
Delaware,KROARU,9/6/2021,116
Delaware,KROKALE,9/6/2021,44
Delaware,KROPWRG,9/6/2021,70
Delaware,KRO5016,9/6/2021,67
Delaware,KRTNSPN,9/6/2021,142
Delaware,KRCPKAL,9/6/2021,32
Delaware,KRARTSN,9/6/2021,25
Delaware,KRSRM8,9/6/2021,36
